ID,LABEL,IAO:0000115,oboInOwl:hasExactSynonym,oboInOwl:hasNarrowSynonym,oboInOwl:hasBroadSynonym,oboInOwl:hasRelatedSynonym,rdfs:comment
obo:PREFER_0000000,process rate metric,"A key process metric that represents a quantitative metric, describing rates or fluxes associated, for instance, wiht growth, product formation, substrate consumption, or respiration, during a fermentation process.",key precision fermentation process rate metric,,,,
obo:PREFER_0000002,fermentation project,A precision fermentation process that consist of a single fermentation experiment or multiple related experiments.,project,,,,
obo:PREFER_0000003,fermentation experiment,"A precision fermentation process that consists of sets of fermentation runs conducted within the same project, all following a shared experimental approach or protocol.",experiment,,,,
obo:PREFER_0000004,fermentation run,"A precision fermentation process that is carried out under defined experimental conditions (e.g., temperature, pH, agitation) using a single bioreactor system.",,,cell culture process,,
obo:PREFER_0000005,alkaline cultivation condition,"A cultivation condition that represents the alkalinity related aspects of a fermentation cultivation process, grouping process control varibales and process measurement variables that describe or regulate the pH and buffering state of the cultivation environment.",,,,,
obo:PREFER_0000006,gravimetric feed rate control variable,A process control variable that represents the target rate at which the feed (based on its weight) is added to a bioreactor or fermentation system during a fermentation process.,,,,,
obo:PREFER_0000007,temperature cultivation condition,"A cultivation condition that represents the temperature related aspects of a fermentation cultivation process, grouping process control varibales and process measurement variables that describe or regulate the thermal state of the cultivation environment.",,,,,
obo:PREFER_0000008,cultivation condition,"An information content entity that represents a set of process conditions, grouping relevant process control variables and process measurement variables, describing the environmental and physicochemical conditions under which cells are cultivated.",fermentation culture condition,,,,
obo:PREFER_0000009,feed control variable,A precision fermentation process control variable that defines the feed control of a bioreactor or fermentation system during the fermentation process.,precision fermentation process feed control variable,,,,
obo:PREFER_0000010,fermentation culture,A material entity consisting of a cell population that is cultivated under controlled environmental conditions supporting a fermentation process.,,cultured cell population,,,"Fermentation cultures are used in bioprocesses for various applications including precision fermentation, bioremediation, and production of biofuels and pharmaceuticals."
obo:PREFER_0000011,fermentation medium,"A material entity consisting of an aqueous mixture of macronutrients, micronturients, and buffering agents that is used to support cell growth, metabolic activity and product formation during a fermentation process.",cultivation medium,,,,
obo:PREFER_0000012,cell biocatalyst,"A material entity consisting of a whole living cell that is used as a catalyst for bioproduction, catalyzing a biochemical reaction or transformation through their intrinsec or genetically modified metabolic activity.",WCB|cell catalyst|cell factory|whole-cell biocatalyst,microbial cell factory,biocatalyst|biological catalyst|catalyst,,"In a biotransformation process or bioprocess, a cell biocatalyst converts substrates (organic or inorganic compounds) into outputs such as products, by-products, and cell biomass. Energy derived from substrate conversion is used for product formation, growth and cellular maintenance."
obo:PREFER_0000013,taxon quality,"A quality of one or more biological organisms, as well as of parts of organism pertaining to a biological taxon.",,,taxon,,
obo:PREFER_0000014,bioreactor,"A device or system that is a material entity designed to support the run of a biological and biochemical process by controlling regulated environmental and cultivation conditions, such as temperature, agitation or nutrient injection at different scales, including lab-scale, pilot plant, and industrial-scale systems.",bioreactor system,fermenter,,,"While this term is equivalent to OBI:0001046, PREFER has specific modelling that makes it more difficult to maintain if used directly. A decision was hence made to create this new term in PREFER and map it to OBI:0001046 instead."
obo:PREFER_0000015,operational parameter,"An information content entity that represents a set of configurable settings used to operate and control a fermentation process, grouping process control variables and mode dependent parameters that define how cultivation conditions are regulated in a bioreactor or fermentation system during the process.",,,operational setting|parameter,,"Operational parameters may vary depending on the selected fermentation operational mode (e.g. batch, fed-batch, continuous) and are realized through instrument or system configuration."
obo:PREFER_0000016,fermentation phase,A time interval of a fermentation process.,,,,,
obo:PREFER_0000017,phase event,An operational intervention set by user that triggers the start or end of the fermentation phase.,,,,,
obo:PREFER_0000018,offline sample,"A material entity consisting of a sample that has been withdrawn from a bioprocess system or bioreactor at a specific time point during the ongoing fermentation run for subsequent offline analysis of various compounds, such as substrates, products, and by-products, and biomass.",collected sample,,material sample,,
obo:PREFER_0000019,temperature setpoint control variable,A precision fermentation process control variable that represents the target temperature value to be regulated and maintained within a bioreactor or fermentation system during a fermentation process.,Tº setpoint|precision fermentation process temperature setpoint control variable|target Tº|target temperature|target temperature value|temperature control setpoint|temperature reference point|temperature reference value|temperature setting,,,,
obo:PREFER_0000020,pH setpoint control variable,A precision fermentation process control variable that represents the target pH value to be regulated and maintained within a bioreactor or fermentation system during a fermentation process.,pH control setpoint|ph control setpoint|ph setpoint|precision fermentation process pH setpoint control variable|target pH|target ph,,,,
obo:PREFER_0000021,pH base solution,"A liquid material entity with basic (alkaline) properties that is used to increase the pH of a solution or system.

In a fermentation process, it is added manually or automatically to the fermentation run to control and maintain the pH at the defined setpoint or desired value.",pH control base solution,,,,
obo:PREFER_0000022,pH acid solution,"A liquid material entity with acidic properties that is used to decrease the pH of a solution or system.

In a fermentation process, it is added manually or automatically to the fermentation run to control and maintain the pH at the defined setpoint or desired value.",pH control acid solution,,,,
obo:PREFER_0000023,core balance metric,"A precision fermentation process calculated variable that represents a quantitative metric derived from balance calculations over a process, used to characterize the balance of inputs and outputs within a bioreactor or fermenter system during the fermentation process.",elemental balance metric,,,,
obo:PREFER_0000024,fermentation medium cultivation condition,"A cultivation condition that represents the fermentation medium related aspects of a fermentation cultivation process, grouping process control varibales and process measurement variables that describe or regulate the state of the fermentation medium within the cultivation environment.",,,,,
obo:PREFER_0000025,dissolved oxygen setpoint control variable,A precision fermentation process dissolved oxygen control variable that represents the target dissolved oxygen value to be regulated and maintained within a bioreactor or fermentation system during a fermentation process.,DO setpoint|dissolved oxygen setpoint|precision fermentation process dissolved oxygen setpoint control variable,,,,
obo:PREFER_0000026,dissolved oxygen cascade level control variable,A precision fermentation process dissolved oxygen control variable that represents the cascade control system linked to a parameter to achieve the desired dissolved oxygen level within a bioreactor or fermentation system during a fermentation process.,DO cascade level control variable|dissolved oxygen control strategy variable|precision fermentation process dissolved oxygen cascade level control variable,,,,"For instance, in fed-batch operation mode there could be three different cascade levels. Level 1 involves adjusting the stirrer speed parameter. Level 2 involves adjusting the air flow parameter. Level 3 involves adjusting the oxygen flow parameter."
obo:PREFER_0000027,maximum stirring setpoint control variable,A precision fermentation process dissolved oxygen control variable that represents the target maximum revolutions per minute (rpm) of the bioreactor stirrer to be regulated and or maintained within a bioreactor or fermentation system during a fermentation process.,maximum shaking speed setpoint|maximum shaking speed setpoint control variable|maximum stirring speed setpoint|precision fermentation process maximum stirring setpoint control variable,,,,
obo:PREFER_0000028,minimum stirring setpoint control variable,A precision fermentation process dissolved oxygen control variable that represents the target minimum revolutions per minute (rpm) of the bioreactor stirrer to be regulated and or maintained within a bioreactor or fermentation system during a fermentation process.,minimum shaking speed setpoin|minimum shaking speed setpoint control variable|minimum stirring speed setpoin|minimum stirring speed setpoint control variable|precision fermentation process minimum aeration setpoint control variable,,,,
obo:PREFER_0000029,pressure cultivation condition,"A cultivation condition that represents the pressure related aspects of a fermentation cultivation process, grouping process control varibales and process measurement variables that describe or regulate the pressure state within the cultivation environment.",,,,,
obo:PREFER_0000030,aeration gas type control variable,"A precision fermentation process dissolved oxygen control variable that represents the type of gas used for aeration in a bioreactor or fermentation system during a fermentation process, which may include aire or specific gases such as pure oxygen, nitrogen or carbon dioxide.",precision fermentation process aeration gas type control variable,,,,
obo:PREFER_0000031,maximum aeration setpoint control variable,A precision fermentation process dissolved oxygen control variable that represents the target maximum rate of at which gas can be supplied to be regulated and or maintained within a bioreactor or fermentation system during a fermentation process.,maximum aeration setpoint|precision fermentation process maximum aeration setpoint control variable,,,,
obo:PREFER_0000032,minimum aeration setpoint control variable,A precision fermentation process dissolved oxygen control variable that represents the target minimum rate of at which gas can be supplied to be regulated and or maintained within a bioreactor or fermentation system during a fermentation process.,minimum aeration setpoint|precision fermentation process minimum aeration setpoint control variable,,,,
obo:PREFER_0000033,dissolved oxygen cultivation condition,"A cultivation condition that represents the dissolved oxygen related aspects of a fermentation cultivation process, grouping process control varibales and process measurement variables that describe or regulate the concentration of oxygen dissolved in the cultivation environment.",DO cultivation condition,,,,
obo:PREFER_0000034,starting optical density measurement variable,A precision fermentation process measurement variable that indicates the initial optical density (OD) of the fermentation culture from a bioreactor or fermentation system during a fermentation process.,precision fermentation process starting optical density measurement variable|starting OD measurement variable,,,,"The starting OD measurement is either measured (by taking a sample after inoculation and measuring the cell density spectophotometrically at 600nm or 900nm wavelength) or  calculated (by knowing the final OD of the seed culture, volume inoculated and final cultivation volume)."
obo:PREFER_0000035,final seed optical density measurement variable,A precision fermentation process measurement variable that indicates the cell density of the seed culture for the process at the time it is inoculated  to the bioreactor or fermentation system.,final seed OD measurement variable|precision fermentation project final seed optical density measurement variable,,,,
obo:PREFER_0000036,initial culture volume measurement variable,"A precision fermentation process measurement variable that indicates the total volume of the culture of a bioreactor or fermentation system, at the beginning of the process, representing the sum of fermentation medium and seed culture.",initial production culture volume measurement variable|precision fermentation process initial culture volume measurement variable|starting culture volume measurement variable|starting production culture volume measurement variable,,,,
obo:PREFER_0000037,feed medium cultivation condition,"A fermentation medium cultivation condition that represents the feed related aspects of a fermentation cultivation process, grouping process control varibales and process measurement variables that describe or regulate the addition and state of fresh feed media within the cultivation environment.",,,,,
obo:PREFER_0000038,batch medium pH measurement variable,A precision fermentation process measurement variable that indicates the negative decadic logarithm of the hydrogen ion concentration in the batch fermentation medium of a bioreactor or fermentation system during a fermentation process.,precision fermentation project batch medium pH measurement variable,,,,
obo:PREFER_0000039,dissolved oxygen measurement variable,A precision fermentation process measurement variable that indicates the concentration of oxygen molecules (O₂) dissolved in the fermentation medium of a bioreactor or fermentation system during a fermentation process.,DO measurement variable|precision fermentation process dissolved oxygen measurement variable,,,,
obo:PREFER_0000040,pH measurement variable,A precision fermentation process measurement variable that indicates the potential of hydrogen of the production culture from a bioreactor or fermentation system during a fermentation process.,precision fermentation process pH measurement variable,,,,
obo:PREFER_0000041,temperature measurement variable,A precision fermentation process measurement variable that indicates the temerature of the production culture from a bioreactor or fermentation system during a fermentation process.,precision fermentation process temperature measurement variable,,,,
obo:PREFER_0000042,pressure measurement variable,A precision fermentation process measurement variable that indicates the pressure in a bioreactor or fermentation system during a fermentation process.,precision fermentation process pressure measurement variable,,,,
obo:PREFER_0000043,volume measurement variable,A precision fermentation process measurement variable that indicates the total volume of aqueous solution in the bioreactor or fermentation system during a fermentation process.,precision fermentation process volume measurement variable,,,,
obo:PREFER_0000044,offline sample mass compound measurement variable,"A precision fermentation process measurement variable that indicates the mass of a compound present in a withdrawn process sample from a bioreactor or fermentation system during a fermentation process, used to quantify the amount of biomass, product, and other compounds.",precision fermentation process offline sample mass compound measurement variable,,,,
obo:PREFER_0000045,optical density cultivation condition,"A cultivation condition that represents the optical density related aspects of a fermentation cultivation process, grouping process control varibales and process measurement variables that describe or regulate the optical density state of the fermentation culture.",,,,,
obo:PREFER_0000046,volume cultivation condition,"A cultivation condition that represents the volume related aspects of a fermentation cultivation process, grouping process control varibales and process measurement variables that describe or regulate the working or total fermentation volume of the cultivation system.",,,,,
obo:PREFER_0000047,acid volume measurement variable,A precision fermentation process measurement variable that indicates the volume of the acidic solution added to a bioreactor or fermenetation system to maintain the pH of cultivation at a setpoint or desired value during a fermentation process.,acid added volume measurement variable|acid consumption volume measurement variable|acid solution volume measurement variable|acid used volume measurement variable|precision fermentation process acid volume measurement variable,,,,
obo:PREFER_0000048,base volume measurement variable,A precision fermentation process measurement variable that indicates the volume of the basic solution added to a bioreactor or fermentation system to maintain the pH of cultivation at a setpoint or desired value during a fermentation process.,base added volume measurement variable|base consumption volume measurement variable|base solution volume measurement variable|base used volume measurement variable|precision fermentation process base volume measurement variable,,,,
obo:PREFER_0000049,acid rate measurement variable,A precision fermentation process measurement variable that indicates the flow rate at which an acid solution is added to a bioreactor or fermentation system during a fermentation process.,precision fermentation process acid rate measurement variable,,,,
obo:PREFER_0000050,base rate measurement variable,A precision fermentation process measurement variable that indicates the flow rate at which the base solution is added to a bioreactor or fermentation system during a fermentation process.,precision fermentation process base rate measurement variable,,,,
obo:PREFER_0000051,feed amount measurement variable,"A precision fermentation process measurement variable that indicates the quantity of feed added to a bioreactor or fermentation system, during a fermentation process.",precision fermentation process feed amount measurement variable,,,,
obo:PREFER_0000052,feed volume measurement variable,A precision fermentation process measurement variable that indicates the volume of the feed solution added to a bioreactor or fermentation system during a fermentation process.,precision fermentation process feed volume measurement variable,,,,
obo:PREFER_0000053,volumetric feed rate measurement variable,A precision fermentation process measurement variable that indicates the rate at which the feed (based on its volume) is added to a bioreactor or fermentation system during a fermentation process.,precision fermentation process volumetric feed rate measurement variable,,,,
obo:PREFER_0000054,stirrer speed measurement variable,A precision fermentation process measurement variable that indicates the speed at which the impeller shaft of a bioreactor or fermentation system shaft rotates during a fermentation process.,precision fermentation process stirrer speed measurement variable,,,,
obo:PREFER_0000055,air flow rate measurement variable,A precision fermentation process measurement variable that indicates the rate at which air is supplied to a bioreactor or fermentation system during a fermentation process.,precision fermentation process air flow rate measurement variable,,,,
obo:PREFER_0000056,nitrogen flow rate measurement variable,"A precision fermentation process measurement variable that indicates the rate at which nitrogen, in form of a ammonium solution, is supplied to a bioreactor or fermentation system during a fermentation process.",precision fermentation process nitrogen flow rate measurement variable,,,,
obo:PREFER_0000057,oxygen flow rate measurement variable,A precision fermentation process measurement variable that indicates the rate at which oxygen is supplied to a bioreactor or fermentation system during a fermentation process.,precision fermentation process oxygen flow rate measurement variable,,,,
obo:PREFER_0000058,inlet air oxygen measurement variable,A precision fermentation process measurement variable that indicates the percentage of oxygen in the gas mixture that is being supplied to a bioreactor or fermentation system during a fermentation process.,inlet air o2 measurement variable|precision fermentation project inlet air oxygen measurement variable,,,,
obo:PREFER_0000059,inlet air carbon dioxide measurement variable,A precision fermentation process measurement variable that indicates the percentage of carbon dioxide in the gas mixture that is being supplied to a bioreactor or fermentation system during a fermentation process.,inlet air co2 measurement variable|precision fermentation process inlet air carbon dioxide measurement variable,,,,
obo:PREFER_0000060,optical density measurement variable,A precision fermentation process measurement variable that indicates the absorbance of the culture's turbidity at a specified wavelength of a bioreactor or fermentation system during a fermentation process.,OD measurement variable|precision fermentation process optical density measurement variable,,,,
obo:PREFER_0000061,oxygen uptake rate variable,A respiratory rate metric that represents the rate at which oxygen is consumed by the cell culture from a bioreactor or fermentation system during a fermentation process.,OUR variable|o2 uptake rate variable,,,,Biorespiration. Dynamic respiratory metric
obo:PREFER_0000062,carbon dioxide evolution rate variable,A respiratory rate metric that represents the rate at which carbon dioxide is released by the cell culture in a bioreactor or fermentation system during a fermentation process.,CER variable|co2 evolution rate variable,,,,Physical gas transfer. Dynamic respiratory metric
obo:PREFER_0000063,oxygen transfer rate variable,A respiratory rate metric variable that represents the rate at which oxygen is transferred from the gas phase or fermenter air into the liquid phase within a bioreactor or fermentation system during a fermentation process.,OTR variable,,,,Physical gas transfer. Dynamic respiratory metric
obo:PREFER_0000064,carbon dioxide transfer rate variable,A respiratory rate metric that represents the rate at which carbon dioxide is transferred out of the bioreactor or fermentation system during a fermentation process.,CTR variable,,,,"Physical gas transfer. Dynamic respiratory metric. Important as carbon dioxide is considered a by-product in aerobic processes, and so is a parameter used for predicting biomass concentration, evaluating energetic efficiencies of growth, monitoring growth yields and controlling fed batch processes like airflow rates or stir speeds."
obo:PREFER_0000065,respiratory quotient variable,"A respiratory rate metric that represent the ratio of carbon dioxide produced/formed to oxygen consumed during cellular metabolism in a bioreactor or fermentation system during a fermentation process, commmonly used to assess the metabolic state of cells.",RQ variable,,,,Derived metabolic indicator.
obo:PREFER_0000068,offgas carbon dioxide measurement variable,A precision fermentation process measurement variable that indicates the percentage of carbon dioxide present in the exhaust stream leaving the bioreactor or fermentation system during a fermentation process.,offgas co2 measurement variable|pecision fermentation process offgas carbon dioxide measurement variable,,,,
obo:PREFER_0000069,offgas oxygen measurement variable,A precision fermentation process measurement variable that indicates the percentage of oxygen present in the exhaust stream leaving the bioreactor or fermentation system during a fermentation process.,offgas o2 measurement variable|precision fermentation process offgas oxygen measurement variable,,,,
obo:PREFER_0000071,biomass concentration variable,A process titer metric that represents the concentration of biomass present in a withdrawn process sample from a bioreactor or fermentation system during a fermentation process.,biomass concentracion calculated variable,,,,
obo:PREFER_0000072,carbon dioxide flow rate measurement variable,A precision fermentation process measurement variable that indicates the rate at which carbon dioxide is supplied to a bioreactor or fermentation system during a fermentation process.,precision fermentation process carbon dioxide flow rate measurement variable,,,,
obo:PREFER_0000073,seed cultivation condition,"A cultivation condition that represents the seed related aspects of a fermentation cultivation process, grouping process control varibales and process measurement variables that describe or regulate the inoculum or seed state within the cultivation environment.",,,,,
obo:PREFER_0000074,compound concentration variable,A process titer metric that represents the concentration of a specific compound present in a withdrawn process sample from a bioreactor or fermentation system during a fermentation process.,compound concentration calculated variable,,,,
obo:PREFER_0000075,gravimetric feed rate measurement variable,A precision fermentation process measurement variable that indicates the amount of feed fed per unit time or the mass flow rate of the feed solution added to a bioreactor or fermentation system during a fermentation process.,precision fermentation process gravimetric feed rate measurement variable,,,,
obo:PREFER_0000077,dilution feed rate control variable,"A feed process control variable that represents the target rate at which fresh feed medium is fed into a production culture relative to the total volume of the fermentation culture, representing the rate at which the production culture is diluted.",D|dilution feed rate,,,,
obo:PREFER_0000078,key process metric,A precision fermentation process calculated variable that represents a set of quantitative metrics used to asses the efficiency or performance of the fermentation process impacting technoeconomic analysis.,key performance metric|key precision fermentation process metric,,,,
obo:PREFER_0000079,carbon balance variable,"A carbon balance metric that represents the general carbon balance, which compares the total amount of carbon entering a bioreactor or fermenter system (through the substrate) to the total carbon leaving the system (through products, biomass or by-products).",C balance variable|carbon balance calculated variable,,,,
obo:PREFER_0000081,degree of reduction balance variable,"A carbon balance metric that quantifies the redox state in a bioreactor or fermentar system during a fermentation process, by ensuring that the total electrons entering the system are equal to those leaving it, reflecting electron conservation.",DoR balance variable|degree of reduction balance calculated variable,,,,
obo:PREFER_0000083,compound consumed variable,"A compound balance metric that represents the total amount of compound consumed, substrate taken up by the cells, in a bioreactor or fermentation system, during the fermentation process.",compound consumed calculated variable,,,,
obo:PREFER_0000085,microbioreactor scale,"A laboratory bioreactor scale that refers to very small volume bioreactor systems designed for high-throughput screening, typically operated at working volumes in the range of approximately a few microliters.",,,,,"For instance, microtiter plates (MTPs) fall within this category."
obo:PREFER_0000086,minibioreactor scale,"A laboratory bioreactor scale that refers to small volume bioreactor systems designed for parallelized process development and experimentation, typically operated at working volumes in the range of approximately 10 milliliters to a few liters.",,,,,"For instance, Ambr250 or Pioreactors fall within this category."
obo:PREFER_0000087,substrate uptake rate variable,"A bioproduction rate metric that represents the rate at which substrate is taken up by the cells, in a bioreactor or fermentation system during a fermentation process.",QS variable,,,,
obo:PREFER_0000088,batch phase,A fermentation phase that is a time interval of a batch fermentation process.,,,,,
obo:PREFER_0000089,specific substrate uptake rate variable,"A bioproduction rate metric that represents the rate of substrate uptake per unit of biomass, in a bioreactor or fermentation system during a fermentation process.",,,,,
obo:PREFER_0000090,feed phase,"A fermentation phase that is a time interval within a fermentation process, where feed medium injection is observed.",,,,,
obo:PREFER_0000091,process titer metric,A key process metric that represents a quantitative metric of the final concentration of the product or biomass in a fermentation process.,key precision fermentation process titer metric,,,,
obo:PREFER_0000094,substrate yield (biomass) variable,"A process yield metric that represents the yield of a compound consumed (substrate) per biomass (X), quantifying how efficiently substrate compound is consumed relative to biomass produced in a bioreactor or fermentation system, during a fermentation process.",substrate yield (X) variable,,,,
obo:PREFER_0000095,growth phase,"A fermentation phase that is a time interval within a fermentation process, where culture growth is observed.",,,,,
obo:PREFER_0000096,production phase,"A fermentation phase that is a time interval within a fermentation process, where product formation is observed.",,,,,
obo:PREFER_0000101,oxygen production rate variable,"A bioproduction rate metric that represents the rate of oxygen consumed over time, in a bioreactor or fermentation system during a fermentation process.",o2 Q variable|oxygen bioproduction rate variable|oxygen volumetric rate variable,,,,
obo:PREFER_0000103,specific oxygen uptake rate measurement variable,"A precision fermentation process measurement variable that indicates the specific rate at which oxygen is consumed in a bioreactor or fermentation system during a fermentation process, normalized per unit of biomass (X), reflecting how efficiently oxygen is consumed in relation to biomass production.",precision fermentation process specific oxygen uptake rate measurement variable|specific OUR measurement variable,,,,
obo:PREFER_0000104,oxygen yield (substrate) variable,"A process yield metric that represents the yield of oxygen consumed per substrate (S) consumed, describing how much oxygen is consumed relative to the substrate used in a bioreactor or fermentation system, during a fermentation process.",o2 yield (S) variable|oxygen yield (S) variable,,,,
obo:PREFER_0000105,seed culture,A fermentation culture role that serves as the inoculum for initiating or scaling up another fermentation culture.,inoculum culture|pre-culture|starter culture,fermentation starter,,,
obo:PREFER_0000106,oxygen yield (biomass) variable,"A process yield metric that represents the yield of oxygen consumed per biomass (X), describing how much oxygen is consumed relative to the amount of biomass generated in a bioreactor or fermentation system, during a fermentation process.",o2 yield (X) variable|oxygen yield (X) variable,,,,
obo:PREFER_0000107,compound formed variable,"A compound balance metric that represents the total amount of compound produced or formed in a bioreactor or fermentation system, representing the cumulative production of the compound during the fermentation process.",compound formed calculated variable|compound produced calculated variable|compound produced variable,,,,
obo:PREFER_0000108,fermentation medium role,"A role that inheres in a fermentation medium and that involves the medium supporting the growth of a fermentation culture by providing nutrients, physicochemical conditions, or specific additives.",cultivation medium role,,,,
obo:PREFER_0000109,batch medium,"A fermentation medium role that, when realized, involves supporting a batch fermentation process in which all nutrients are provided at the start of the process.",BM,,,,
obo:PREFER_0000110,feed medium,"A fermentation medium role that, when realized, involves supporting a fed-batch fermentation process by providing nutrients or substrates in a rate based on the feed profile type (e.g. constant, exponential,etc).",FM,,,,
obo:PREFER_0000111,residual compound amount variable,A compound balance metric that represents the remaining amount of compound left in a bioreactor or fermentation system during a fermentation process.,residual compound amount calculated variable,,,,"It is calculated substracting the compound concentration measured offline, multiplied by the liquid volume downscaled to get the residual amount."
obo:PREFER_0000112,seed medium,"A fermentation medium role that, when realized, involves supporting the growth and propagation of a seed culture used to inoculate to the production culture(main experimental culture).",SM|starter medium,,,,
obo:PREFER_0000113,compound production rate variable,"A bioproduction rate metric that represents the rate of compound produced over time, in a bioreactor or fermentation system during a fermentation process.",Qcompound,,,compound formation rate variable,
obo:PREFER_0000114,inlet air oxygen setpoint control variable,A precision fermentation process dissolved oxygen control variable indicates the target percentage of oxygen value to be regulated and maintained in the gas mixture that is being supplied to a bioreactor or fermentation system during a fermentation process.,precision fermentation process inlet air oxygen setpoint control variable,,,,
obo:PREFER_0000115,specific compound production rate variable,"A bioproduction rate metric that represents the rate of compound produced per unit of biomass, in a bioreactor or fermentation system during a fermentation process, providing the efficiency of compound production relative to biomass.",specific compound bioproduction rate variable|specific compound formation rate variable,,,,
obo:PREFER_0000116,inlet air carbon dioxide setpoint control variable,A precision fermentation process dissolved oxygen control variable that indicates the target percentage of carbon dioxide value to be regulated and maintained in the gas mixture that is being supplied to a bioreactor or fermentation system during a fermentation process.,precision fermentation process inlet air carbon dioxide setpoint control variable,,,,
obo:PREFER_0000117,compound produced yield (substrate) variable,"A process yield metric that represents the yield of a compound produced per substrate (S) consumed, quantifying how efficiently compound is produced relative to substrate consumption in a bioreactor or fermentation system, during a fermentation process.",compound yield (S) variable,,,,
obo:PREFER_0000118,optical density control variable,A precision fermentation process control variable that represents the target optical density value to be regulated and or maintained within a bioreactor or fermentation system during a fermentation process.,OD control setpoint|OD setpoint|optical density control setpoint|optical density setpoint|precision fermentation process optical density control variable|target OD|target optical density,,,,
obo:PREFER_0000119,dissolved oxygen control variable,A precision fermentation process control variable that represents the dissolved oxygen control variables of a bioreactor or fermentation system during a fermentation process.,DO process control variable|precision fermentation process dissolved oxygen control variable,,,,
obo:PREFER_0000120,compound produced yield (biomass) variable,"A process yield metric that represents the yield of a compound produced per biomass (X), quantifying how efficiently compound is produced relative to biomass generation in a bioreactor or fermentation system, during a fermentation process.",compound produced yield (X) variable,,,,
obo:PREFER_0000121,pressure setpoint control variable,A precision fermentation process control variable that represents the target pressure value to be regulated and maintained within a bioreactor or fermentation system during a fermentation process.,precision fermentation process pressure setpoint control variable|pressure control setpoint|pressure reference point|pressure reference value|pressure setpoint|target pressure|target pressure value,,,,
obo:PREFER_0000122,volumetric feed rate control variable,A process control variable that represents the target rate at which the feed (based on its volume) is added to a bioreactor or fermentation system during a fermentation process.,,,,,
obo:PREFER_0000128,carbon dioxide production rate variable,"A bioproduction rate metric that represents the rate of carbon dioxide produced over time, in a bioreactor or fermentation system during a fermentation process.",carbon dioxide bioproduction rate variable|co2 Q variable,,,,
obo:PREFER_0000129,inlet air nitrogen setpoint control variable,A precision fermentation process dissolved oxygen control variable that indicates the target percentage of nitrogen value to be regulated and maintained in the gas mixture that is being supplied to a bioreactor or fermentation system during a fermentation process.,precision fermentation process inlet air nitrogen setpoint control variable,,,,
obo:PREFER_0000130,specific carbon dioxide evolution rate measurement variable,"A precision fermentation process measurement variable that indicates the specific rate at which carbon dioxide is produced in a bioreactor or fermentation system during a fermentation process, normalized per unit of biomass (X) allowing metabolic efficiency comparisions between production strains.",precision fermentation process specific carbon dioxide evolution rate measurement variable|specific CER measurement variable|specific co2 evolution rate measurement variable,,,,
obo:PREFER_0000131,carbon dioxide yield (substrate) variable,"A process yield metric that represents the yield of carbon dioxide produced per substrate consumed (S), describing how much carbon dioxide is produced relative to the amount of substrate consumed in a bioreactor or fermentation system, during a fermentation process.",carbon dioxide yield (S) variable|co2 yield (S) variable,,,,
obo:PREFER_0000133,carbon dioxide yield (biomass) variable,"A process yield metric that represents the yield of carbon dioxide produced per biomass (X), describing how much carbon dioxide is produced relative to the amount of biomass generated in a bioreactor or fermentation system, during a fermentation process.",carbo dioxide yield (X) variable|co2 yield (X) variable,,,,
obo:PREFER_0000134,biomass amount variable,"A biomass balance metric that represents the absolute quantity of cellular biomass present in a bioreactor or fermentation system, at a certain time point, during a fermentation process.",biomass amount calculated variable,,,,
obo:PREFER_0000135,genomics sample calculated variable,An omics sample calculated variable that represents genomic values derived from computational analysis using DNA sequence data from an offline sample associated with a fermentation process.,,,,,
obo:PREFER_0000136,biomass lost in sampling variable,"A biomass balance metric that represents the amount of biomass removed from a bioreactor or fermentation system, at a certain sampling time point, during a fermentation process.",biomass lost in sampling calculated variable,,,,
obo:PREFER_0000137,biomass formed variable,"A biomass balance metric that represents the cumulative quantity of cellular biomass generated in a bioreactor or fermentation system, during a fermentation process.",biomass formed calculated variable|biomass production calculated variable|biomass production variable,,,,
obo:PREFER_0000138,transcriptomics sample calculated variable,An omics sample calculated variable that represents transcript features derived from computational analysis using transcriptomics data from an offline sample associated with a process.,,,,,
obo:PREFER_0000139,proteomics sample calculated variable,An omics sample calculated variable that represents protein features derived from computational analysis using proteomic data from an offline sample associated with a fermentation process.,,,,,
obo:PREFER_0000140,biomass formation rate variable,A growth rate metric that represents the rate at which the biomass is formed over time in a bioreactor or fermentation system during a fermentation process.,Rx variable|biomass production rate variable,,,,
obo:PREFER_0000141,fluxomics sample calculated variable,An omics sample calculated variable that represents metabolic flux values derived from computational analysis using experimental data from an offline sample associated with a fermentation process.,,,,,
obo:PREFER_0000142,specific biomass formation rate variable,"A growth rate metric that represents the rate of increase of biomass per unit of exisitng biomass, typically expressed as the fractional increase in biomass concentration per unit time, in a bioreactor or fermentation system during a fermentation process.",growth rate variable|specific biomass production rate variable|μ variable,,,,
obo:PREFER_0000147,biomass yield (substrate) variable,"A process yield metric that represents the yield of biomass produced per substrate consumed, describing the efficiency of substrate conversion into biomass in a bioreactor or fermentation system, during a fermentation process.",Ysx variable|biomass yield (S) variable,,,,
obo:PREFER_0000148,metabolomics sample calculated variable,An omics sample calculated variable that represents metabolite features derived from computational analysis using metabolomic data from an offline sample associated with a fermentation process.,,,,,
obo:PREFER_0000149,metagenomics sample calculated variable,A genomics sample calculated variable that represents metagenomic features derived from computational analysis using DNA sequence data from an offline sample associated with a fermentation process.,,,,,
obo:PREFER_0000150,data acquisition quality,"A quality that inheres in data or samples and specifies how, where, and when measurements are obtained in a bioreactor or fermentation system during the process.",,,,,
obo:PREFER_0000151,inline data acquisition,"A data acquisition quality in which the analyzer or sensor is physically integrated into the bioreactor or process stream, allowing continuous measurement without removal of samples, typically providing high-frequency or real-time data for process monitoring and control.",,,,,
obo:PREFER_0000152,online data acquisition,"A data acquisition quality in which samples are automatically withdrawn from the bioreactor or process stream and introduced into a measurement zone, with measurement results made available in near real time for monitoring and control. The analyzed sample may be discarded or returned to the process.",,,,,
obo:PREFER_0000153,atline data acquisition,"A data acquisition quality in which samples are withdrawn from the process stream and transported a short distance to a nearby analytical device for measurement, involving a short delay between sampling and data availability. The analyzed sample is discarded and not returned to the process.",at-line data acquisition,,,,
obo:PREFER_0000154,offline data acquisition,"A data acquisition quality in which samples are collected from the process and transported to an external laboratory or analysis location for measurement, with the sample not returned to the process line and with a significant delay between sampling and data availability.",,,,,
obo:PREFER_0000155,process yield metric,"A key process metric that represents a quantitative metric, tipically expressed as yield coefficients, that quantify the efficiency of converting inputs(e.g. substrates) into desired outputs(e.g. products), expressed as the ratio of output formed per unit of substrate or biomass consumed.",key precision fermentation process yield metric,,,,
obo:PREFER_0000157,carbon balance metric,"A core balance metric that represents a quantitative metric derived from carbon balance calculations over a process, used to characterize the carbon flow within a bioreactor or fermenter system during the fermentation process.",,,,,
obo:PREFER_0000158,respiratory rate metric,A process rate metric variable that represents a rate describing respiratory activity of a production culture in a bioreactor or fermentation system during a fermentation process.,gas exchange metric|metabolic metric,,,,
obo:PREFER_0000159,bioproduction rate metric,"A process rate metric that represents a rate describing substrate consumptions, compound production (e.g. product formation) and biomass production in a bioreactor or fermentation system during a fermentation process.",,,,,
obo:PREFER_0000160,growth rate metric,A process rate metric that represents a rate describing biomass formation or growth in a bioreactor or fermentation system during a fermentation process.,,,,,
obo:PREFER_0000161,biomass balance metric,"A core balance metric that represents a quantitative metric derived from biomass balance calculations over a process, used to characterize the balance of biomass output within a bioreactor or fermenter system during the fermentation fermentation process.",,,,,
obo:PREFER_0000162,compound balance metric,"A core balance metric that represents a quantitative metric derived from compound balance calculations over a process, used to characterize the compound balabce within a bioreactor or fermenter system during the fermentation process.",,,,,
obo:PREFER_0000180,operation mode control variable,"A precision fermentation process control variable that defines the operating stategy of a bioreactor or fermentation system, specifying how substrate, products and biomass are introduced, maintained, and removed during a fermentation process.",fermentation cultivation mode control variable|precision fermenation process feed control variable,,operational mode control variable,,
obo:PREFER_0000181,batch operation mode,"An operation mode control variable in which all required medium components and the inoculum are supplied at the start of the fermentation process, with no subsequent addition of medium components during operation, and in which products are harvested only at the end of the fermentation process.",batch bioprocess mode,,batch cultivation|batch mode,batch cell culture,
obo:PREFER_0000182,fed-batch operation mode,"An operation mode control variable in which additional nutrients, through feed medium, are intermittently or continuously supplied to the bioreactor or fermentar system during a fermentation process, without removal of production culture fluid, until termination of the fermentation process.",fed-batch fermentation mode,,fed-batch cultivation|fed-batch mode,,
obo:PREFER_0000183,continuous operation mode-chemostat,"An operation mode control variable in which fresh fermentation medium is supplied and fermentation culture fluid removed at a constant rate, such that the specific growth rate of the biomass is controlled by the limiting nutrient concentration and equals the dilution rate.","continuous fermentation mode, chemostat",,"continuous mode, chemostat",,
obo:PREFER_0000184,continuous operation mode-turbidostat,"An operation mode control variable in which fresh fermentation medium is supplied and fermentation culture fluid removed in response to feedback control, such that the biomass concentration is maintained constant at a predefined turbidity or optical density.","continuous fermentation mode, turbidostat",,"continuous mode, turbidostat",,
obo:PREFER_0000185,bioreactor scale,"A quality that inheres in a bioreactor and that characterizes its working volume, and used to classify bioreactors based on their intended application, ranging from laboratory research to industrial production.",,,,,
obo:PREFER_0000186,laboratory bioreactor scale,"A bioreactor scale that refers to small volume bioreactor systems used for laboratory scale experimentation, research, development, and process optimization, typically ranging from a few milliliters to several liters in working volume.",bench bioreactor scale|bench scale|benchtop bioreactor scale|benchtop scale|lab bioreactor scale|lab-scale|laboratory scale,,,,
obo:PREFER_0000187,pilot bioreactor scale,"A bioreactor scale that serves as an intermediate step between laboratory scale and industrial scale, typically ranging from several liters to a few hundred liters in working volume.",pilont plant bioreactor scale|pilot-scale|pre pilot plant-scale|pre pilot-scale,pre-pilot plant bioreactor scale,,,
obo:PREFER_0000188,industrial bioreactor scale,"A bioreactor scale used for large-scale production, typically ranging from several hundred liters to thousands of liters or more in working volume.",industrial scale|industrial-scale,,,,
obo:PREFER_0000189,feed profile type control variable,The feeding strategies typically found in a fed-batch or continuous fermentation types.,feed profile type|feeding profile|feeding strategy,,,,The type of feeding profiles applied is process specific.
obo:PREFER_0000190,constant feeding rate,A feed profile type control variable in which the feed rate is maintained at a constant value throughout the feeding phase.,,,,,
obo:PREFER_0000191,linear feeding rate,A feed profile type control variable in which the feed rate changes linearly with time throughout the feeding phase.,,,,,
obo:PREFER_0000192,exponential feeding rate,A feed profile type control variable in which the feed rate increases exponentially with time throughout the feeding phase.,,,,,
obo:PREFER_0000193,constant-linear feeding rate,A feed profile type control variable in which the feed rate begins at a constant rate and subsequently transitions to a linearly changing feed rate with time throughout the feeding phase.,,,,,
obo:PREFER_0000194,constant-exponential feeding rate,A feed profile type control variable in which the feed rate begins at a constant rate and subsequently transitions to a exponentially increasing feed rate with time throughout the feeding phase.,,,,,
obo:PREFER_0000195,exponential-linear feeding rate,A feed profile type control variable in which the feed rate begins with an exponentially increasing rate and subsequently transitions to a linearly changing feed rate with time throughout the feeding phase.,,,,,
obo:PREFER_0000200,fermentation culture role,"A role that inheres in a fermentation culture and that involves the culture participating in, enabling or initiating a fermentation process.",,,,,
obo:PREFER_0000203,production culture,A fermentation culture role that is involved in carrying out the main fermentation process to generate the desired product or cell biomass.,main culture,,,,
obo:PREFER_0000204,unpublished strain,An isolate or group of isolates that have not been published (it is not available in deposits or collections nor do you know the strain history) and hence do not yet have a universal identifier.,,,,,"Unpublished strain is a quality used to tag strains that do not yet have a universal identifier. If or when they get published, this tag should be removed. All strains should still be under taxon. Strain and subtype are often used interchangeably, although the term strain is often used to describe a set of isolates with common biochemical and/or physiological characteristics, while the term subtype is often used to describe a set of isolates with common genetic or molecular characteristics."
obo:PREFER_0000205,cell culture,"A material entity consisting of prokaryotic or eukaryotic living cells, whether unicellular or multicellular, that are maintaned, cultivated, or propagated under controlled environmental conditions.",,,,,
obo:PREFER_0000206,microbial culture,"A material entity consisting of microorganisms-unicellular microbial cell cultures- either prokaryotic (such as bacteria, archaea, or cyanobactreia) or eukaryotic (such as yeast, microalgae and protozoa), that are maintaned, cultivated, or propagated under controlled environmental conditions.",microbiological culture,,,,
obo:PREFER_0000207,tissue culture,"A material entity consisting of multicellular tissue, such as plant tissue cultures, animal cell-derived tissue cultures (including mammalian), or cultures of filamentous fungi, that is maintaned, cultivated, or propagated under controlled environmental conditions.",,,,,
obo:PREFER_0000209,omics sample calculated variable,A precision fermentation process calculated variable that represents a set of values derived from computational analysis or omics data procesing from an offline sample associated with a fermentation process.,calculated omics offline sample variable|computed omics offline sample variable|computed omics sample variable,,,,
obo:PREFER_7000000,mole per carbon mole,"A unit representing a mol-based ratio, typically used to express product, output substance or input - such as compound and substrate -  in moles per carbon mole of biomass(X) generated or substrate(S) consumed (mol/cmol).",mol/c-mol|mol/cmol,,,mole per carbon mole,
obo:PREFER_7000001,mole per carbon mole per hour,"A unit representing a compound rate, expressed as moles per carbon mole(X) per hour ((mol/cmol)/h).",(mol/c-mol)/h|(mol/cmol)/h,,,mole per carbon mole per hour,
obo:PREFER_7000002,carbon mole,Semantically equivalent in magnitude to the SI mole (1 C-mol = 1 mol) but used to indicate mole of carbon atoms (cmol).,C-mol|cmol|mole of carbon atoms,,,carbon mole,
obo:PREFER_7000003,carbon mole per gram,"A unit representing a carbon-based ratio, typically used to express product or output substance - such as biomass or compound - in carbon moles per gram of initial material or input substrate consumed (cmol/g).",c-mol/g|cmol/g,,,carbon mole per gram,
obo:PREFER_7000004,carbon mole per carbon mole,"A unit representing a carbon-based ratio, typically used to express product, output substance or input - such as biomass, compound and substrate -  in carbon moles per carbon mole of biomass generated, initial material consumed or input substrate consumed (cmol/cmol).",c-mol/c-mol|cmol/cmol,,,carbon mole per carbon mole,
obo:PREFER_7000005,carbon mole per hour,A unit of mass flow rate representing a carbon mole of substance passing through a given surface or system in one hour (cmol/h).,c-mol/h|cmol/h,,,carbon mole per hour,
obo:PREFER_7000006,unit of optical density,,,,,,
obo:PREFER_7000007,dimensionless unit,,,,,,
obo:PREFER_7000008,revolution per minute,,,,,,
obo:PREFER_9000000,precision fermentation process control variable,"An information content entity that represents a parameter or setting about a system, which is realized as input or configuration in controlling or regulating a fermentation process, thereby affecting the behavior, operation, or outcome of that process.",,,,,"A decision was made to classify this as a information content entity rather than realizable entity (a realizable entity that inheres in a system and is realized in processes of controlling or regulating a process, serving as a parameter or setting that affects or determines the behavior, operation, or outcome of that process) as the intention was to emphasize the informational role rather than physical realisation of the control."
obo:PREFER_9000001,precision fermentation process measurement variable,An information content entity about a precision fermentation process that specifically represents measurable attributes or values that are the outcomes of a measurement process aimed at determining characteristics of said process.,PREcision FERmentation process measurement variable,,process measurement variable,,
obo:PREFER_9000002,precision fermentation process calculated variable,"An information content entity about a process that is the output of a calculation or computation based on one or more measured or other input variables, representing derived or computed attributes related to the fermentation process.",process calculated variable|process computed variable,,,,
obo:PREFER_9000003,precision fermentation process,A process that involves precision fermentation.,,,,,"Precision fermentation is a biotechnological method used in industrial or research settings that employs genetically engineered or adaptatively laboratory-evolved (ALE) microorganisms (such as bacteria, yeast, fungi or microalgae) to produce specific, high-value compounds with precise molecular structures. This process involves controlled environments—such as operating bioreactor parameters(e.g., temperature, pH, dissolved oxygen, agitation, nutrient feed) and upstream preparation conditions(e.g., pre-culture growth, strain storage, and defined media composition)—where microbial metabolism is optimized to synthesize target products, such as proteins, enzymes, or bioactive molecules, often with greater efficiency, yield, and specificity than traditional fermentation methods."
obo:PREFER_9000004,unit,An information content entity that represents a standard quantity or measurement used to express the magnitude of a quantity.,,,,,"The decision to utilise https://units-of-measurement.org/ meant that we did not want to commit to any unit ontologies. We hence created our own parent class to parent units. Interoperability of units can be achieved by the matches in units-of-measurement, and this term should only be used to constraining in modelling."
